TimePoint,Area,PositionName,StationCode,Latitude,Longitude,AQI,Quality,Measure,Unheathful,NO2,O3,PM10,PM2_5,SO2,NO,NOx
2023-12-06T04:00:00,北京市,万寿西宫,1001A,39.8784,116.3621,28,优,各类人群可正常活动,空气质量令人满意，基本无空气污染,4,58,28,6,3,—,—
2023-12-06T04:00:00,北京市,定陵,1002A,40.2915,116.2202,18,优,各类人群可正常活动,空气质量令人满意，基本无空气污染,3,57,18,3,3,—,—
2023-12-06T04:00:00,北京市,东四,1003A,39.9289,116.4174,69,良,极少数异常敏感人群应减少户外活动,空气质量可接受，但某些污染物可能对极少数异常敏感人群健康有较弱影响,12,63,88,33,3,—,—
2023-12-06T04:00:00,北京市,天坛,1004A,39.8863,116.4072,25,优,各类人群可正常活动,空气质量令人满意，基本无空气污染,4,67,25,3,4,—,—
2023-12-06T04:00:00,北京市,农展馆,1005A,39.9365,116.462,22,优,各类人群可正常活动,空气质量令人满意，基本无空气污染,11,58,22,2,2,—,—
2023-12-06T04:00:00,北京市,官园,1006A,39.9295,116.3392,36,优,各类人群可正常活动,空气质量令人满意，基本无空气污染,6,66,36,5,2,—,—
2023-12-06T04:00:00,北京市,海淀万柳,1007A,39.9611,116.2878,24,优,各类人群可正常活动,空气质量令人满意，基本无空气污染,14,63,24,3,3,—,—
2023-12-06T04:00:00,北京市,顺义新城,1008A,40.135,116.6636,21,优,各类人群可正常活动,空气质量令人满意，基本无空气污染,5,58,21,3,1,—,—
2023-12-06T04:00:00,北京市,怀柔镇,1009A,40.3275,116.6275,19,优,各类人群可正常活动,空气质量令人满意，基本无空气污染,4,60,14,3,3,—,—
2023-12-06T04:00:00,北京市,昌平镇,1010A,40.217,116.2296,23,优,各类人群可正常活动,空气质量令人满意，基本无空气污染,29,26,23,1,1,—,—
2023-12-06T04:00:00,北京市,奥体中心,1011A,39.9821,116.3966,27,优,各类人群可正常活动,空气质量令人满意，基本无空气污染,20,50,27,4,3,—,—
2023-12-06T04:00:00,北京市,古城,1012A,39.9136,116.184,51,良,极少数异常敏感人群应减少户外活动,空气质量可接受，但某些污染物可能对极少数异常敏感人群健康有较弱影响,2,51,52,6,1,—,—
2023-12-06T04:00:00,北京市,延庆夏都,3281A,40.4529,115.9718,20,优,各类人群可正常活动,空气质量令人满意，基本无空气污染,2,63,20,2,3,—,—
2023-12-06T04:00:00,北京市,平谷新城,3417A,40.1465,117.0709,18,优,各类人群可正常活动,空气质量令人满意，基本无空气污染,5,56,18,3,1,—,—
2023-12-06T04:00:00,北京市,密云新城,3418A,40.4095,116.8336,20,优,各类人群可正常活动,空气质量令人满意，基本无空气污染,7,64,16,2,3,—,—
2023-12-06T04:00:00,北京市,门头沟三家店,3671A,39.9726,116.088,—,—,—,—,—,—,—,—,—,—,—
2023-12-06T04:00:00,北京市,丰台云岗,3672A,39.8204,116.1541,56,良,极少数异常敏感人群应减少户外活动,空气质量可接受，但某些污染物可能对极少数异常敏感人群健康有较弱影响,3,55,61,10,1,—,—
2023-12-06T04:00:00,北京市,通州东关,3673A,39.9081,116.6804,35,优,各类人群可正常活动,空气质量令人满意，基本无空气污染,17,50,35,6,1,—,—
2023-12-06T04:00:00,北京市,房山燕山,3674A,39.7603,115.9577,61,良,极少数异常敏感人群应减少户外活动,空气质量可接受，但某些污染物可能对极少数异常敏感人群健康有较弱影响,1,59,71,10,1,—,—
2023-12-06T04:00:00,北京市,大兴旧宫,3675A,39.7733,116.4672,24,优,各类人群可正常活动,空气质量令人满意，基本无空气污染,8,47,24,3,3,—,—
2023-12-06T04:00:00,北京市,延庆石河营,3694A,40.4563,115.986,20,优,各类人群可正常活动,空气质量令人满意，基本无空气污染,2,63,17,2,3,—,—
2023-12-06T04:00:00,北京市,怀柔新城,3695A,40.3053,116.6151,20,优,各类人群可正常活动,空气质量令人满意，基本无空气污染,4,61,14,2,3,—,—
2023-12-06T04:00:00,北京市,丰台小屯,3696A,39.8768,116.2545,42,优,各类人群可正常活动,空气质量令人满意，基本无空气污染,8,50,42,6,3,—,—
2023-12-06T04:00:00,北京市,密云镇,3697A,40.3844,116.84,19,优,各类人群可正常活动,空气质量令人满意，基本无空气污染,9,59,16,2,3,—,—
2023-12-06T04:00:00,天津市,勤俭道,1015A,39.1661,117.1444,30,优,各类人群可正常活动,空气质量令人满意，基本无空气污染,10,61,30,6,4,—,—
2023-12-06T04:00:00,天津市,大直沽八号路,1017A,39.1082,117.237,38,优,各类人群可正常活动,空气质量令人满意，基本无空气污染,10,60,38,7,3,—,—
2023-12-06T04:00:00,天津市,前进道,1018A,39.0927,117.202,34,优,各类人群可正常活动,空气质量令人满意，基本无空气污染,10,60,34,9,3,—,—
2023-12-06T04:00:00,天津市,淮河道,1019A,39.2133,117.1837,34,优,各类人群可正常活动,空气质量令人满意，基本无空气污染,12,57,34,8,2,—,—
2023-12-06T04:00:00,天津市,跃进路,1021A,39.0877,117.307,40,优,各类人群可正常活动,空气质量令人满意，基本无空气污染,12,61,40,9,5,—,—
2023-12-06T04:00:00,天津市,第四大街,1023A,39.0343,117.707,74,良,极少数异常敏感人群应减少户外活动,空气质量可接受，但某些污染物可能对极少数异常敏感人群健康有较弱影响,62,11,98,37,5,—,—
2023-12-06T04:00:00,天津市,永明路,1024A,38.8394,117.457,42,优,各类人群可正常活动,空气质量令人满意，基本无空气污染,18,48,42,10,4,—,—
2023-12-06T04:00:00,天津市,汉北路,1026A,39.1587,117.764,84,良,极少数异常敏感人群应减少户外活动,空气质量可接受，但某些污染物可能对极少数异常敏感人群健康有较弱影响,78,3,88,62,6,—,—
2023-12-06T04:00:00,天津市,团泊洼,1027A,38.9194,117.157,32,优,各类人群可正常活动,空气质量令人满意，基本无空气污染,16,50,32,10,4,—,—
2023-12-06T04:00:00,天津市,河西一经路,2858A,39.2474,117.7918,70,良,极少数异常敏感人群应减少户外活动,空气质量可接受，但某些污染物可能对极少数异常敏感人群健康有较弱影响,56,16,89,40,7,—,—
2023-12-06T04:00:00,天津市,津沽路,2859A,38.9846,117.3747,38,优,各类人群可正常活动,空气质量令人满意，基本无空气污染,11,58,38,8,3,—,—
2023-12-06T04:00:00,天津市,宾水西道,2860A,39.0845,117.1589,39,优,各类人群可正常活动,空气质量令人满意，基本无空气污染,14,54,39,8,1,—,—
2023-12-06T04:00:00,天津市,大理道,2922A,39.1067,117.1941,33,优,各类人群可正常活动,空气质量令人满意，基本无空气污染,13,64,33,6,3,—,—
2023-12-06T04:00:00,天津市,中山北路,3020A,39.1699,117.2101,33,优,各类人群可正常活动,空气质量令人满意，基本无空气污染,22,60,33,6,2,—,—
2023-12-06T04:00:00,天津市,西四道,3051A,39.1488,117.3876,46,优,各类人群可正常活动,空气质量令人满意，基本无空气污染,24,43,46,9,3,—,—
2023-12-06T04:00:00,天津市,雍阳西道,3325A,39.3828,117.0365,36,优,各类人群可正常活动,空气质量令人满意，基本无空气污染,16,54,36,6,4,—,—
2023-12-06T04:00:00,天津市,辛老路,3326A,39.0605,117.0296,34,优,各类人群可正常活动,空气质量令人满意，基本无空气污染,11,62,34,7,3,—,—
2023-12-06T04:00:00,天津市,地纬路,3327A,38.9375,116.9638,38,优,各类人群可正常活动,空气质量令人满意，基本无空气污染,12,54,38,7,2,—,—
2023-12-06T04:00:00,天津市,北环路,3460A,40.0583,117.4067,21,优,各类人群可正常活动,空气质量令人满意，基本无空气污染,7,66,18,4,4,—,—
2023-12-06T04:00:00,天津市,建设路,3461A,39.7169,117.3045,34,优,各类人群可正常活动,空气质量令人满意，基本无空气污染,9,65,34,5,7,—,—
2023-12-06T04:00:00,天津市,滨水东路,3462A,39.3521,117.8199,54,良,极少数异常敏感人群应减少户外活动,空气质量可接受，但某些污染物可能对极少数异常敏感人群健康有较弱影响,33,40,57,22,3,—,—
2023-12-06T04:00:00,石家庄市,职工医院,1029A,38.0444,114.4422,177,中度污染,儿童、老年人及心脏病、呼吸系统疾病患者避免长时间、高强度的户外锻练，一般人群适量减少户外运动,进一步加剧易感人群症状，可能对健康人群心脏、呼吸系统有影响,6,65,304,47,1,—,—
2023-12-06T04:00:00,石家庄市,高新区,1030A,38.0266,114.6063,158,中度污染,儿童、老年人及心脏病、呼吸系统疾病患者避免长时间、高强度的户外锻练，一般人群适量减少户外运动,进一步加剧易感人群症状，可能对健康人群心脏、呼吸系统有影响,11,48,266,61,5,—,—
2023-12-06T04:00:00,石家庄市,西北水源,1031A,38.1328,114.4898,184,中度污染,儿童、老年人及心脏病、呼吸系统疾病患者避免长时间、高强度的户外锻练，一般人群适量减少户外运动,进一步加剧易感人群症状，可能对健康人群心脏、呼吸系统有影响,11,56,317,41,3,—,—
2023-12-06T04:00:00,石家庄市,西南高教,1032A,38.0058,114.4586,174,中度污染,儿童、老年人及心脏病、呼吸系统疾病患者避免长时间、高强度的户外锻练，一般人群适量减少户外运动,进一步加剧易感人群症状，可能对健康人群心脏、呼吸系统有影响,3,63,297,51,3,—,—
2023-12-06T04:00:00,石家庄市,世纪公园,1033A,38.0178,114.5331,141,轻度污染,儿童、老年人及心脏病、呼吸系统疾病患者应减少长时间、高强度的户外锻炼,易感人群症状有轻度加剧，健康人群出现刺激症状,4,62,232,47,1,—,—
2023-12-06T04:00:00,石家庄市,人民会堂,1034A,38.0457,114.509,164,中度污染,儿童、老年人及心脏病、呼吸系统疾病患者避免长时间、高强度的户外锻练，一般人群适量减少户外运动,进一步加剧易感人群症状，可能对健康人群心脏、呼吸系统有影响,5,61,277,50,2,—,—
2023-12-06T04:00:00,石家庄市,封龙山,1035A,37.8911,114.3524,419,严重污染,儿童、老年人和病人应当留在室内，避免体力消耗，一般人群应避免户外活动,健康人群运动耐受力降低，有明显强烈症状，提前出现某些疾病,6,60,519,68,4,—,—
2023-12-06T04:00:00,石家庄市,22中南校区,2862A,38.0378,114.5481,139,轻度污染,儿童、老年人及心脏病、呼吸系统疾病患者应减少长时间、高强度的户外锻炼,易感人群症状有轻度加剧，健康人群出现刺激症状,8,51,228,47,2,—,—
2023-12-06T04:00:00,石家庄市,鹿泉一中,3456A,38.0906,114.289,229,重度污染,儿童、老年人和心脏病、肺病患者应停留在室内，停止户外运动，一般人群减少户外运动,心脏病和肺病患者症状显著加剧，运动耐受力降低，健康人群普遍出现症状,11,71,370,51,3,—,—
2023-12-06T04:00:00,石家庄市,藁城区实验学校,3573A,38.0322033,114.8506765,151,中度污染,儿童、老年人及心脏病、呼吸系统疾病患者避免长时间、高强度的户外锻练，一般人群适量减少户外运动,进一步加剧易感人群症状，可能对健康人群心脏、呼吸系统有影响,10,57,252,61,5,—,—
2023-12-06T04:00:00,石家庄市,井陉矿区区委大楼,3574A,38.0591645,114.0504658,458,严重污染,儿童、老年人和病人应当留在室内，避免体力消耗，一般人群应避免户外活动,健康人群运动耐受力降低，有明显强烈症状，提前出现某些疾病,11,57,558,73,6,—,—
2023-12-06T04:00:00,石家庄市,栾城区星河路,4024A,37.9020,114.6549,175,中度污染,儿童、老年人及心脏病、呼吸系统疾病患者避免长时间、高强度的户外锻练，一般人群适量减少户外运动,进一步加剧易感人群症状，可能对健康人群心脏、呼吸系统有影响,20,52,299,64,8,—,—
2023-12-06T04:00:00,秦皇岛市,北戴河环保局,1042A,39.8207,119.5134,140,轻度污染,儿童、老年人及心脏病、呼吸系统疾病患者应减少长时间、高强度的户外锻炼,易感人群症状有轻度加剧，健康人群出现刺激症状,90,8,163,107,31,—,—
2023-12-06T04:00:00,秦皇岛市,第一关,1043A,40.0116,119.7493,43,优,各类人群可正常活动,空气质量令人满意，基本无空气污染,12,65,40,30,7,—,—
2023-12-06T04:00:00,秦皇岛市,监测站,1044A,39.9499,119.5897,140,轻度污染,儿童、老年人及心脏病、呼吸系统疾病患者应减少长时间、高强度的户外锻炼,易感人群症状有轻度加剧，健康人群出现刺激症状,98,3,152,107,21,—,—
2023-12-06T04:00:00,秦皇岛市,建设大厦,1046A,39.9041,119.5251,101,轻度污染,儿童、老年人及心脏病、呼吸系统疾病患者应减少长时间、高强度的户外锻炼,易感人群症状有轻度加剧，健康人群出现刺激症状,61,19,151,70,18,—,—
2023-12-06T04:00:00,秦皇岛市,文明里,3132A,39.943889,119.610547,119,轻度污染,儿童、老年人及心脏病、呼吸系统疾病患者应减少长时间、高强度的户外锻炼,易感人群症状有轻度加剧，健康人群出现刺激症状,84,5,180,90,21,—,—
2023-12-06T04:00:00,邯郸市,东污水处理厂,1048A,36.6116,114.5302,205,重度污染,儿童、老年人和心脏病、肺病患者应停留在室内，停止户外运动，一般人群减少户外运动,心脏病和肺病患者症状显著加剧，运动耐受力降低，健康人群普遍出现症状,5,59,353,68,3,—,—
2023-12-06T04:00:00,邯郸市,矿院,1049A,36.5713,114.4918,—,—,—,—,—,—,—,—,—,—,—
2023-12-06T04:00:00,邯郸市,丛台公园,1050A,36.6133,114.484,158,中度污染,儿童、老年人及心脏病、呼吸系统疾病患者避免长时间、高强度的户外锻练，一般人群适量减少户外运动,进一步加剧易感人群症状，可能对健康人群心脏、呼吸系统有影响,6,63,266,60,1,—,—
2023-12-06T04:00:00,邯郸市,香泉濮院小区,3458A,36.5593,114.7895,382,严重污染,儿童、老年人和病人应当留在室内，避免体力消耗，一般人群应避免户外活动,健康人群运动耐受力降低，有明显强烈症状，提前出现某些疾病,2,66,485,74,6,—,—
2023-12-06T04:00:00,邯郸市,永年区实验高中,3579A,36.77178,114.50634,228,重度污染,儿童、老年人和心脏病、肺病患者应停留在室内，停止户外运动，一般人群减少户外运动,心脏病和肺病患者症状显著加剧，运动耐受力降低，健康人群普遍出现症状,6,65,369,83,3,—,—
2023-12-06T04:00:00,邯郸市,峰峰矿区临水派出所,3580A,36.44293,114.20016,159,中度污染,儿童、老年人及心脏病、呼吸系统疾病患者避免长时间、高强度的户外锻练，一般人群适量减少户外运动,进一步加剧易感人群症状，可能对健康人群心脏、呼吸系统有影响,5,68,268,56,4,—,—
2023-12-06T04:00:00,邢台市,达活泉,1077A,37.0886,114.4704,330,严重污染,儿童、老年人和病人应当留在室内，避免体力消耗，一般人群应避免户外活动,健康人群运动耐受力降低，有明显强烈症状，提前出现某些疾病,2,79,444,62,3,—,—
2023-12-06T04:00:00,邢台市,邢师高专,1078A,37.0349,114.5062,342,严重污染,儿童、老年人和病人应当留在室内，避免体力消耗，一般人群应避免户外活动,健康人群运动耐受力降低，有明显强烈症状，提前出现某些疾病,6,71,453,84,4,—,—
2023-12-06T04:00:00,邢台市,路桥公司,1079A,37.0851,114.5237,178,中度污染,儿童、老年人及心脏病、呼吸系统疾病患者避免长时间、高强度的户外锻练，一般人群适量减少户外运动,进一步加剧易感人群症状，可能对健康人群心脏、呼吸系统有影响,6,70,305,51,2,—,—
2023-12-06T04:00:00,邢台市,市环保局,1080A,37.0719,114.4725,355,严重污染,儿童、老年人和病人应当留在室内，避免体力消耗，一般人群应避免户外活动,健康人群运动耐受力降低，有明显强烈症状，提前出现某些疾病,14,63,464,80,3,—,—
2023-12-06T04:00:00,保定市,游泳馆,1051A,38.8632,115.493,83,良,极少数异常敏感人群应减少户外活动,空气质量可接受，但某些污染物可能对极少数异常敏感人群健康有较弱影响,12,68,116,18,5,—,—
2023-12-06T04:00:00,保定市,华电二区,1052A,38.8959,115.5213,77,良,极少数异常敏感人群应减少户外活动,空气质量可接受，但某些污染物可能对极少数异常敏感人群健康有较弱影响,22,52,104,21,3,—,—
2023-12-06T04:00:00,保定市,接待中心,1053A,38.9108,115.4713,81,良,极少数异常敏感人群应减少户外活动,空气质量可接受，但某些污染物可能对极少数异常敏感人群健康有较弱影响,4,59,111,28,4,—,—
2023-12-06T04:00:00,保定市,地表水厂,1054A,38.8416,115.4612,90,良,极少数异常敏感人群应减少户外活动,空气质量可接受，但某些污染物可能对极少数异常敏感人群健康有较弱影响,24,41,130,26,5,—,—
2023-12-06T04:00:00,保定市,监测站,1056A,38.8639,115.5086,85,良,极少数异常敏感人群应减少户外活动,空气质量可接受，但某些污染物可能对极少数异常敏感人群健康有较弱影响,11,59,119,33,4,—,—
2023-12-06T04:00:00,保定市,满城区生态环境分局,3581A,38.95208,115.31981,87,良,极少数异常敏感人群应减少户外活动,空气质量可接受，但某些污染物可能对极少数异常敏感人群健康有较弱影响,11,64,124,14,3,—,—
2023-12-06T04:00:00,保定市,清苑区第二中学,3582A,38.76408,115.47694,104,轻度污染,儿童、老年人及心脏病、呼吸系统疾病患者应减少长时间、高强度的户外锻炼,易感人群症状有轻度加剧，健康人群出现刺激症状,56,13,157,50,8,—,—
2023-12-06T04:00:00,保定市,徐水物探局,3583A,39.02311,115.62909,128,轻度污染,儿童、老年人及心脏病、呼吸系统疾病患者应减少长时间、高强度的户外锻炼,易感人群症状有轻度加剧，健康人群出现刺激症状,10,62,205,9,4,—,—
2023-12-06T04:00:00,保定市,双鹰农机,4004A,38.8656,115.4202,79,良,极少数异常敏感人群应减少户外活动,空气质量可接受，但某些污染物可能对极少数异常敏感人群健康有较弱影响,6,62,107,32,5,—,—
2023-12-06T04:00:00,承德市,铁路,1062A,40.9081,117.9531,56,良,极少数异常敏感人群应减少户外活动,空气质量可接受，但某些污染物可能对极少数异常敏感人群健康有较弱影响,7,55,62,3,6,—,—
2023-12-06T04:00:00,承德市,中国银行,1063A,40.9763,117.9392,54,良,极少数异常敏感人群应减少户外活动,空气质量可接受，但某些污染物可能对极少数异常敏感人群健康有较弱影响,6,58,57,3,6,—,—
2023-12-06T04:00:00,承德市,开发区,1064A,40.928,117.9503,57,良,极少数异常敏感人群应减少户外活动,空气质量可接受，但某些污染物可能对极少数异常敏感人群健康有较弱影响,8,58,64,25,7,—,—
2023-12-06T04:00:00,承德市,文化中心,1065A,40.9655,117.8051,57,良,极少数异常敏感人群应减少户外活动,空气质量可接受，但某些污染物可能对极少数异常敏感人群健康有较弱影响,6,60,63,2,3,—,—
2023-12-06T04:00:00,承德市,离宫,1066A,41.0026,117.9268,55,良,极少数异常敏感人群应减少户外活动,空气质量可接受，但某些污染物可能对极少数异常敏感人群健康有较弱影响,3,50,60,13,1,—,—
2023-12-06T04:00:00,衡水市,电机北厂,1074A,37.7541,115.6838,207,重度污染,儿童、老年人和心脏病、肺病患者应停留在室内，停止户外运动，一般人群减少户外运动,心脏病和肺病患者症状显著加剧，运动耐受力降低，健康人群普遍出现症状,73,6,247,157,15,—,—
2023-12-06T04:00:00,衡水市,市监测站,1075A,37.7316,115.6303,192,中度污染,儿童、老年人及心脏病、呼吸系统疾病患者避免长时间、高强度的户外锻练，一般人群适量减少户外运动,进一步加剧易感人群症状，可能对健康人群心脏、呼吸系统有影响,94,4,242,144,13,—,—
2023-12-06T04:00:00,衡水市,市城管局,3188A,37.7217,115.6683,188,中度污染,儿童、老年人及心脏病、呼吸系统疾病患者避免长时间、高强度的户外锻练，一般人群适量减少户外运动,进一步加剧易感人群症状，可能对健康人群心脏、呼吸系统有影响,77,9,264,141,12,—,—
2023-12-06T04:00:00,衡水市,地表水厂,3459A,37.5491,115.5989,220,重度污染,儿童、老年人和心脏病、肺病患者应停留在室内，停止户外运动，一般人群减少户外运动,心脏病和肺病患者症状显著加剧，运动耐受力降低，健康人群普遍出现症状,71,11,280,170,10,—,—
2023-12-06T04:00:00,张家口市,人民公园,1057A,40.8336,114.8883,55,良,极少数异常敏感人群应减少户外活动,空气质量可接受，但某些污染物可能对极少数异常敏感人群健康有较弱影响,4,48,60,13,3,—,—
2023-12-06T04:00:00,张家口市,五金库,1059A,40.8042,114.8687,51,良,极少数异常敏感人群应减少户外活动,空气质量可接受，但某些污染物可能对极少数异常敏感人群健康有较弱影响,4,58,51,2,2,—,—
2023-12-06T04:00:00,张家口市,世纪豪园,1060A,40.762,114.8902,49,优,各类人群可正常活动,空气质量令人满意，基本无空气污染,4,56,49,7,3,—,—
2023-12-06T04:00:00,张家口市,北泵房,1061A,40.8661,114.8916,53,良,极少数异常敏感人群应减少户外活动,空气质量可接受，但某些污染物可能对极少数异常敏感人群健康有较弱影响,5,46,55,3,6,—,—
2023-12-06T04:00:00,张家口市,烟厂,3131A,40.7993,114.879,54,良,极少数异常敏感人群应减少户外活动,空气质量可接受，但某些污染物可能对极少数异常敏感人群健康有较弱影响,6,53,57,18,1,—,—
2023-12-06T04:00:00,张家口市,青少年活动中心,3323A,40.9724,115.2773,44,优,各类人群可正常活动,空气质量令人满意，基本无空气污染,1,61,44,12,3,—,—
2023-12-06T04:00:00,廊坊市,药材公司,1067A,39.5111,116.6708,60,良,极少数异常敏感人群应减少户外活动,空气质量可接受，但某些污染物可能对极少数异常敏感人群健康有较弱影响,14,59,69,8,1,—,—
2023-12-06T04:00:00,廊坊市,开发区,1068A,39.5589,116.7214,53,良,极少数异常敏感人群应减少户外活动,空气质量可接受，但某些污染物可能对极少数异常敏感人群健康有较弱影响,13,61,56,6,1,—,—
2023-12-06T04:00:00,廊坊市,北华航天学院,1070A,39.5269,116.7244,59,良,极少数异常敏感人群应减少户外活动,空气质量可接受，但某些污染物可能对极少数异常敏感人群健康有较弱影响,15,58,68,2,6,—,—
2023-12-06T04:00:00,廊坊市,河北工业大学,2919A,39.5453,116.7022,60,良,极少数异常敏感人群应减少户外活动,空气质量可接受，但某些污染物可能对极少数异常敏感人群健康有较弱影响,6,57,70,6,5,—,—
2023-12-06T04:00:00,唐山市,雷达站,1037A,39.6363,118.131,162,中度污染,儿童、老年人及心脏病、呼吸系统疾病患者避免长时间、高强度的户外锻练，一般人群适量减少户外运动,进一步加剧易感人群症状，可能对健康人群心脏、呼吸系统有影响,89,1,172,123,6,—,—
2023-12-06T04:00:00,唐山市,物资局,1038A,39.6334,118.1725,127,轻度污染,儿童、老年人及心脏病、呼吸系统疾病患者应减少长时间、高强度的户外锻炼,易感人群症状有轻度加剧，健康人群出现刺激症状,90,4,155,96,9,—,—
2023-12-06T04:00:00,唐山市,十二中,1040A,39.6506,118.1705,123,轻度污染,儿童、老年人及心脏病、呼吸系统疾病患者应减少长时间、高强度的户外锻炼,易感人群症状有轻度加剧，健康人群出现刺激症状,98,1,163,93,6,—,—
2023-12-06T04:00:00,唐山市,小山,1041A,39.622,118.1869,127,轻度污染,儿童、老年人及心脏病、呼吸系统疾病患者应减少长时间、高强度的户外锻炼,易感人群症状有轻度加剧，健康人群出现刺激症状,96,3,141,96,7,—,—
2023-12-06T04:00:00,唐山市,冀东油田职工医院,3457A,39.2762,118.4359,165,中度污染,儿童、老年人及心脏病、呼吸系统疾病患者避免长时间、高强度的户外锻练，一般人群适量减少户外运动,进一步加剧易感人群症状，可能对健康人群心脏、呼吸系统有影响,97,5,185,125,17,—,—
2023-12-06T04:00:00,唐山市,正泰大街热力站,3575A,39.58089,118.09279,108,轻度污染,儿童、老年人及心脏病、呼吸系统疾病患者应减少长时间、高强度的户外锻炼,易感人群症状有轻度加剧，健康人群出现刺激症状,65,3,136,81,5,—,—
2023-12-06T04:00:00,唐山市,丰润区政府,3576A,39.8322,118.1562,223,重度污染,儿童、老年人和心脏病、肺病患者应停留在室内，停止户外运动，一般人群减少户外运动,心脏病和肺病患者症状显著加剧，运动耐受力降低，健康人群普遍出现症状,97,2,233,173,22,—,—
2023-12-06T04:00:00,唐山市,金山小学,3577A,39.73809,118.43673,231,重度污染,儿童、老年人和心脏病、肺病患者应停留在室内，停止户外运动，一般人群减少户外运动,心脏病和肺病患者症状显著加剧，运动耐受力降低，健康人群普遍出现症状,103,2,267,181,12,—,—
2023-12-06T04:00:00,唐山市,政府服务中心,3578A,39.66941,118.24498,156,中度污染,儿童、老年人及心脏病、呼吸系统疾病患者避免长时间、高强度的户外锻练，一般人群适量减少户外运动,进一步加剧易感人群症状，可能对健康人群心脏、呼吸系统有影响,108,4,156,119,7,—,—
2023-12-06T04:00:00,唐山市,消防缸窑路中队,3692A,39.6585,118.2059,130,轻度污染,儿童、老年人及心脏病、呼吸系统疾病患者应减少长时间、高强度的户外锻炼,易感人群症状有轻度加剧，健康人群出现刺激症状,88,5,165,99,14,—,—
2023-12-06T04:00:00,唐山市,路南电大,3693A,39.6202,118.1436,134,轻度污染,儿童、老年人及心脏病、呼吸系统疾病患者应减少长时间、高强度的户外锻炼,易感人群症状有轻度加剧，健康人群出现刺激症状,84,1,150,102,5,—,—
2023-12-06T04:00:00,沧州市,沧县城建局,1071A,38.2991,116.8842,130,轻度污染,儿童、老年人及心脏病、呼吸系统疾病患者应减少长时间、高强度的户外锻炼,易感人群症状有轻度加剧，健康人群出现刺激症状,90,13,190,99,10,—,—
2023-12-06T04:00:00,沧州市,电视转播站,1072A,38.3254,116.8584,168,中度污染,儿童、老年人及心脏病、呼吸系统疾病患者避免长时间、高强度的户外锻练，一般人群适量减少户外运动,进一步加剧易感人群症状，可能对健康人群心脏、呼吸系统有影响,101,4,191,127,12,—,—
2023-12-06T04:00:00,沧州市,市环保局,1073A,38.3228,116.8709,149,轻度污染,儿童、老年人及心脏病、呼吸系统疾病患者应减少长时间、高强度的户外锻炼,易感人群症状有轻度加剧，健康人群出现刺激症状,84,6,165,114,8,—,—
2023-12-06T04:00:00,沧州市,河北水利电力学院,3324A,38.3004,116.8136,213,重度污染,儿童、老年人和心脏病、肺病患者应停留在室内，停止户外运动，一般人群减少户外运动,心脏病和肺病患者症状显著加剧，运动耐受力降低，健康人群普遍出现症状,106,1,254,163,19,—,—
2023-12-06T04:00:00,雄安新区,容城县环境保护局,3584A,39.0341,115.8844,109,轻度污染,儿童、老年人及心脏病、呼吸系统疾病患者应减少长时间、高强度的户外锻炼,易感人群症状有轻度加剧，健康人群出现刺激症状,64,7,167,63,10,—,—
2023-12-06T04:00:00,雄安新区,河北容城中学,3585A,39.0645,115.8665,108,轻度污染,儿童、老年人及心脏病、呼吸系统疾病患者应减少长时间、高强度的户外锻炼,易感人群症状有轻度加剧，健康人群出现刺激症状,74,9,166,46,8,—,—
2023-12-06T04:00:00,雄安新区,安新县民政局,3586A,38.9405,115.923,126,轻度污染,儿童、老年人及心脏病、呼吸系统疾病患者应减少长时间、高强度的户外锻炼,易感人群症状有轻度加剧，健康人群出现刺激症状,94,3,201,90,12,—,—
2023-12-06T04:00:00,雄安新区,安新县电力局,3587A,38.9338,115.9324,114,轻度污染,儿童、老年人及心脏病、呼吸系统疾病患者应减少长时间、高强度的户外锻炼,易感人群症状有轻度加剧，健康人群出现刺激症状,90,3,178,73,9,—,—
2023-12-06T04:00:00,雄安新区,雄县环境保护局,3588A,38.9816,116.0901,145,轻度污染,儿童、老年人及心脏病、呼吸系统疾病患者应减少长时间、高强度的户外锻炼,易感人群症状有轻度加剧，健康人群出现刺激症状,108,4,232,111,15,—,—
2023-12-06T04:00:00,雄安新区,雄县国土资源局,3589A,39.0046,116.1105,128,轻度污染,儿童、老年人及心脏病、呼吸系统疾病患者应减少长时间、高强度的户外锻炼,易感人群症状有轻度加剧，健康人群出现刺激症状,96,1,205,96,21,—,—
2023-12-06T04:00:00,太原市,尖草坪,1081A,37.8873,112.522,500,严重污染,儿童、老年人和病人应当留在室内，避免体力消耗，一般人群应避免户外活动,健康人群运动耐受力降低，有明显强烈症状，提前出现某些疾病,7,70,618,133,3,—,—
2023-12-06T04:00:00,太原市,上兰,1083A,38.0108,112.434,495,严重污染,儿童、老年人和病人应当留在室内，避免体力消耗，一般人群应避免户外活动,健康人群运动耐受力降低，有明显强烈症状，提前出现某些疾病,3,67,595,118,4,—,—
2023-12-06T04:00:00,太原市,晋源,1084A,37.7124,112.469,443,严重污染,儿童、老年人和病人应当留在室内，避免体力消耗，一般人群应避免户外活动,健康人群运动耐受力降低，有明显强烈症状，提前出现某些疾病,9,69,543,116,6,—,—
2023-12-06T04:00:00,太原市,小店,1085A,37.7394,112.5583,461,严重污染,儿童、老年人和病人应当留在室内，避免体力消耗，一般人群应避免户外活动,健康人群运动耐受力降低，有明显强烈症状，提前出现某些疾病,18,61,561,111,4,—,—
2023-12-06T04:00:00,太原市,桃园,1086A,37.8692,112.5369,500,严重污染,儿童、老年人和病人应当留在室内，避免体力消耗，一般人群应避免户外活动,健康人群运动耐受力降低，有明显强烈症状，提前出现某些疾病,8,68,616,131,3,—,—
2023-12-06T04:00:00,太原市,坞城,1087A,37.8195,112.57,424,严重污染,儿童、老年人和病人应当留在室内，避免体力消耗，一般人群应避免户外活动,健康人群运动耐受力降低，有明显强烈症状，提前出现某些疾病,10,70,524,126,11,—,—
2023-12-06T04:00:00,太原市,南寨,1088A,37.9854,112.549,500,严重污染,儿童、老年人和病人应当留在室内，避免体力消耗，一般人群应避免户外活动,健康人群运动耐受力降低，有明显强烈症状，提前出现某些疾病,16,61,713,145,5,—,—
2023-12-06T04:00:00,太原市,金胜,3618A,37.7831,112.4719,500,严重污染,儿童、老年人和病人应当留在室内，避免体力消耗，一般人群应避免户外活动,健康人群运动耐受力降低，有明显强烈症状，提前出现某些疾病,10,66,605,117,4,—,—
2023-12-06T04:00:00,太原市,育英中学,4010A,37.8807,112.5608,431,严重污染,儿童、老年人和病人应当留在室内，避免体力消耗，一般人群应避免户外活动,健康人群运动耐受力降低，有明显强烈症状，提前出现某些疾病,8,70,531,134,2,—,—
2023-12-06T04:00:00,大同市,果树场,1721A,40.1097,113.3819,94,良,极少数异常敏感人群应减少户外活动,空气质量可接受，但某些污染物可能对极少数异常敏感人群健康有较弱影响,26,30,137,53,15,—,—
2023-12-06T04:00:00,大同市,云冈宾馆,1723A,40.0758,113.2994,304,严重污染,儿童、老年人和病人应当留在室内，避免体力消耗，一般人群应避免户外活动,健康人群运动耐受力降低，有明显强烈症状，提前出现某些疾病,9,52,423,111,9,—,—
2023-12-06T04:00:00,大同市,大同大学,1724A,40.0917,113.3444,151,中度污染,儿童、老年人及心脏病、呼吸系统疾病患者避免长时间、高强度的户外锻练，一般人群适量减少户外运动,进一步加剧易感人群症状，可能对健康人群心脏、呼吸系统有影响,13,52,251,92,9,—,—
2023-12-06T04:00:00,大同市,安家小村,1725A,40.1269,113.2661,164,中度污染,儿童、老年人及心脏病、呼吸系统疾病患者避免长时间、高强度的户外锻练，一般人群适量减少户外运动,进一步加剧易感人群症状，可能对健康人群心脏、呼吸系统有影响,10,54,278,105,8,—,—
2023-12-06T04:00:00,大同市,教育学院,1726A,40.0844,113.2711,183,中度污染,儿童、老年人及心脏病、呼吸系统疾病患者避免长时间、高强度的户外锻练，一般人群适量减少户外运动,进一步加剧易感人群症状，可能对健康人群心脏、呼吸系统有影响,13,49,315,98,7,—,—
2023-12-06T04:00:00,大同市,大同市卫生学校,3282A,40.0597,113.3397,159,中度污染,儿童、老年人及心脏病、呼吸系统疾病患者避免长时间、高强度的户外锻练，一般人群适量减少户外运动,进一步加剧易感人群症状，可能对健康人群心脏、呼吸系统有影响,14,48,267,76,8,—,—
2023-12-06T04:00:00,大同市,云冈站,3565A,40.1122,113.1367,208,重度污染,儿童、老年人和心脏病、肺病患者应停留在室内，停止户外运动，一般人群减少户外运动,心脏病和肺病患者症状显著加剧，运动耐受力降低，健康人群普遍出现症状,12,49,355,72,12,—,—
2023-12-06T04:00:00,大同市,图书馆,3566A,40.2556,113.1186,103,轻度污染,儿童、老年人及心脏病、呼吸系统疾病患者应减少长时间、高强度的户外锻炼,易感人群症状有轻度加剧，健康人群出现刺激症状,13,47,156,29,9,—,—
2023-12-06T04:00:00,大同市,区一中,3567A,40.0461,113.5931,109,轻度污染,儿童、老年人及心脏病、呼吸系统疾病患者应减少长时间、高强度的户外锻炼,易感人群症状有轻度加剧，健康人群出现刺激症状,26,32,168,21,5,—,—
2023-12-06T04:00:00,大同市,第二人民医院,3676A,40.0995,113.2802,171,中度污染,儿童、老年人及心脏病、呼吸系统疾病患者避免长时间、高强度的户外锻练，一般人群适量减少户外运动,进一步加剧易感人群症状，可能对健康人群心脏、呼吸系统有影响,13,47,292,99,10,—,—
2023-12-06T04:00:00,阳泉市,市中心,1738A,37.8572,113.5758,500,严重污染,儿童、老年人和病人应当留在室内，避免体力消耗，一般人群应避免户外活动,健康人群运动耐受力降低，有明显强烈症状，提前出现某些疾病,14,62,760,151,7,—,—
2023-12-06T04:00:00,阳泉市,赛鱼,1739A,37.8731,113.4894,500,严重污染,儿童、老年人和病人应当留在室内，避免体力消耗，一般人群应避免户外活动,健康人群运动耐受力降低，有明显强烈症状，提前出现某些疾病,22,50,703,118,5,—,—
2023-12-06T04:00:00,阳泉市,南庄,1740A,37.8486,113.5819,500,严重污染,儿童、老年人和病人应当留在室内，避免体力消耗，一般人群应避免户外活动,健康人群运动耐受力降低，有明显强烈症状，提前出现某些疾病,12,65,815,128,5,—,—
2023-12-06T04:00:00,阳泉市,平坦,1742A,37.8703,113.5614,500,严重污染,儿童、老年人和病人应当留在室内，避免体力消耗，一般人群应避免户外活动,健康人群运动耐受力降低，有明显强烈症状，提前出现某些疾病,19,56,716,132,6,—,—
2023-12-06T04:00:00,阳泉市,大阳泉,1743A,37.8392,113.5158,500,严重污染,儿童、老年人和病人应当留在室内，避免体力消耗，一般人群应避免户外活动,健康人群运动耐受力降低，有明显强烈症状，提前出现某些疾病,8,67,647,128,3,—,—
2023-12-06T04:00:00,阳泉市,龙柱,3619A,37.8571,113.617,500,严重污染,儿童、老年人和病人应当留在室内，避免体力消耗，一般人群应避免户外活动,健康人群运动耐受力降低，有明显强烈症状，提前出现某些疾病,16,65,708,138,6,—,—
2023-12-06T04:00:00,长治市,清华站,1727A,36.1547,113.1147,133,轻度污染,儿童、老年人及心脏病、呼吸系统疾病患者应减少长时间、高强度的户外锻炼,易感人群症状有轻度加剧，健康人群出现刺激症状,11,65,216,48,7,—,—
2023-12-06T04:00:00,长治市,监测站,1728A,36.1989,113.1031,120,轻度污染,儿童、老年人及心脏病、呼吸系统疾病患者应减少长时间、高强度的户外锻炼,易感人群症状有轻度加剧，健康人群出现刺激症状,14,62,190,51,10,—,—
2023-12-06T04:00:00,长治市,审计局,1730A,36.2125,113.0886,144,轻度污染,儿童、老年人及心脏病、呼吸系统疾病患者应减少长时间、高强度的户外锻炼,易感人群症状有轻度加剧，健康人群出现刺激症状,10,65,237,56,11,—,—
2023-12-06T04:00:00,长治市,长治八中,1731A,36.1856,113.0844,153,中度污染,儿童、老年人及心脏病、呼吸系统疾病患者避免长时间、高强度的户外锻练，一般人群适量减少户外运动,进一步加剧易感人群症状，可能对健康人群心脏、呼吸系统有影响,14,61,256,31,11,—,—
2023-12-06T04:00:00,长治市,德盛苑,2845A,36.1911,113.1569,156,中度污染,儿童、老年人及心脏病、呼吸系统疾病患者避免长时间、高强度的户外锻练，一般人群适量减少户外运动,进一步加剧易感人群症状，可能对健康人群心脏、呼吸系统有影响,9,67,262,63,8,—,—
2023-12-06T04:00:00,长治市,向阳小学,3568A,36.0464,113.06,119,轻度污染,儿童、老年人及心脏病、呼吸系统疾病患者应减少长时间、高强度的户外锻炼,易感人群症状有轻度加剧，健康人群出现刺激症状,13,76,187,53,7,—,—
2023-12-06T04:00:00,长治市,屯留一中,3569A,36.3144,112.8792,136,轻度污染,儿童、老年人及心脏病、呼吸系统疾病患者应减少长时间、高强度的户外锻炼,易感人群症状有轻度加剧，健康人群出现刺激症状,34,52,222,51,8,—,—
2023-12-06T04:00:00,长治市,潞城四中,3570A,36.3489,113.235,190,中度污染,儿童、老年人及心脏病、呼吸系统疾病患者避免长时间、高强度的户外锻练，一般人群适量减少户外运动,进一步加剧易感人群症状，可能对健康人群心脏、呼吸系统有影响,10,68,329,60,9,—,—
2023-12-06T04:00:00,晋城市,自来水公司,2160A,35.5051,112.85,143,轻度污染,儿童、老年人及心脏病、呼吸系统疾病患者应减少长时间、高强度的户外锻炼,易感人群症状有轻度加剧，健康人群出现刺激症状,14,73,236,34,7,—,—
2023-12-06T04:00:00,晋城市,白云商贸,2161A,35.4936,112.8318,153,中度污染,儿童、老年人及心脏病、呼吸系统疾病患者避免长时间、高强度的户外锻练，一般人群适量减少户外运动,进一步加剧易感人群症状，可能对健康人群心脏、呼吸系统有影响,15,75,255,39,5,—,—
2023-12-06T04:00:00,晋城市,市环保局,2162A,35.4887,112.8508,151,中度污染,儿童、老年人及心脏病、呼吸系统疾病患者避免长时间、高强度的户外锻练，一般人群适量减少户外运动,进一步加剧易感人群症状，可能对健康人群心脏、呼吸系统有影响,12,73,251,39,5,—,—
2023-12-06T04:00:00,晋城市,技术学院,2163A,35.4897,112.8676,164,中度污染,儿童、老年人及心脏病、呼吸系统疾病患者避免长时间、高强度的户外锻练，一般人群适量减少户外运动,进一步加剧易感人群症状，可能对健康人群心脏、呼吸系统有影响,14,80,278,36,4,—,—
2023-12-06T04:00:00,晋城市,白马寺,2165A,35.546,112.8453,126,轻度污染,儿童、老年人及心脏病、呼吸系统疾病患者应减少长时间、高强度的户外锻炼,易感人群症状有轻度加剧，健康人群出现刺激症状,12,75,201,42,7,—,—
2023-12-06T04:00:00,晋城市,泽州一中,3620A,35.4828,112.8271,155,中度污染,儿童、老年人及心脏病、呼吸系统疾病患者避免长时间、高强度的户外锻练，一般人群适量减少户外运动,进一步加剧易感人群症状，可能对健康人群心脏、呼吸系统有影响,16,72,259,41,6,—,—
2023-12-06T04:00:00,朔州市,平朔,2166A,39.3522,112.4397,500,严重污染,儿童、老年人和病人应当留在室内，避免体力消耗，一般人群应避免户外活动,健康人群运动耐受力降低，有明显强烈症状，提前出现某些疾病,8,54,969,232,4,—,—
2023-12-06T04:00:00,朔州市,朔唯,2167A,39.3617,112.4575,500,严重污染,儿童、老年人和病人应当留在室内，避免体力消耗，一般人群应避免户外活动,健康人群运动耐受力降低，有明显强烈症状，提前出现某些疾病,9,49,1096,230,5,—,—
2023-12-06T04:00:00,朔州市,区政府,2168A,39.3197,112.4258,500,严重污染,儿童、老年人和病人应当留在室内，避免体力消耗，一般人群应避免户外活动,健康人群运动耐受力降低，有明显强烈症状，提前出现某些疾病,7,52,988,246,3,—,—
2023-12-06T04:00:00,朔州市,市环保局,2169A,39.3278,112.4072,500,严重污染,儿童、老年人和病人应当留在室内，避免体力消耗，一般人群应避免户外活动,健康人群运动耐受力降低，有明显强烈症状，提前出现某些疾病,8,55,1006,217,4,—,—
2023-12-06T04:00:00,朔州市,市二中,2170A,39.3681,112.4272,500,严重污染,儿童、老年人和病人应当留在室内，避免体力消耗，一般人群应避免户外活动,健康人群运动耐受力降低，有明显强烈症状，提前出现某些疾病,8,55,1000,231,4,—,—
2023-12-06T04:00:00,朔州市,一水厂,3571A,39.53,112.2931,500,严重污染,儿童、老年人和病人应当留在室内，避免体力消耗，一般人群应避免户外活动,健康人群运动耐受力降低，有明显强烈症状，提前出现某些疾病,18,45,965,149,6,—,—
2023-12-06T04:00:00,晋中市,锦纶小区,2171A,37.6945,112.7532,425,严重污染,儿童、老年人和病人应当留在室内，避免体力消耗，一般人群应避免户外活动,健康人群运动耐受力降低，有明显强烈症状，提前出现某些疾病,14,68,525,100,3,—,—
2023-12-06T04:00:00,晋中市,南都小区,2173A,37.7067,112.7249,393,严重污染,儿童、老年人和病人应当留在室内，避免体力消耗，一般人群应避免户外活动,健康人群运动耐受力降低，有明显强烈症状，提前出现某些疾病,14,66,494,88,5,—,—
2023-12-06T04:00:00,晋中市,榆次区政府,2174A,37.6982,112.6991,334,严重污染,儿童、老年人和病人应当留在室内，避免体力消耗，一般人群应避免户外活动,健康人群运动耐受力降低，有明显强烈症状，提前出现某些疾病,16,62,447,80,6,—,—
2023-12-06T04:00:00,晋中市,榆次三中,2865A,37.6828,112.7195,500,严重污染,儿童、老年人和病人应当留在室内，避免体力消耗，一般人群应避免户外活动,健康人群运动耐受力降低，有明显强烈症状，提前出现某些疾病,17,61,600,97,6,—,—
2023-12-06T04:00:00,运城市,运城中学,2175A,35.0147,110.9956,127,轻度污染,儿童、老年人及心脏病、呼吸系统疾病患者应减少长时间、高强度的户外锻炼,易感人群症状有轻度加剧，健康人群出现刺激症状,36,34,204,85,7,—,—
2023-12-06T04:00:00,运城市,地区技校,2178A,35.0303,110.9686,134,轻度污染,儿童、老年人及心脏病、呼吸系统疾病患者应减少长时间、高强度的户外锻炼,易感人群症状有轻度加剧，健康人群出现刺激症状,34,24,217,96,8,—,—
2023-12-06T04:00:00,运城市,空港新区,2179A,35.1147,111.0414,231,重度污染,儿童、老年人和心脏病、肺病患者应停留在室内，停止户外运动，一般人群减少户外运动,心脏病和肺病患者症状显著加剧，运动耐受力降低，健康人群普遍出现症状,60,6,274,181,9,—,—
2023-12-06T04:00:00,运城市,水利职院,3667A,35.0547,111.0283,165,中度污染,儿童、老年人及心脏病、呼吸系统疾病患者避免长时间、高强度的户外锻练，一般人群适量减少户外运动,进一步加剧易感人群症状，可能对健康人群心脏、呼吸系统有影响,40,19,263,125,7,—,—
2023-12-06T04:00:00,运城市,禹都公园,3670A,35.0439,111.0522,146,轻度污染,儿童、老年人及心脏病、呼吸系统疾病患者应减少长时间、高强度的户外锻炼,易感人群症状有轻度加剧，健康人群出现刺激症状,32,32,242,88,10,—,—
2023-12-06T04:00:00,忻州市,开发区,2181A,38.4519,112.7383,500,严重污染,儿童、老年人和病人应当留在室内，避免体力消耗，一般人群应避免户外活动,健康人群运动耐受力降低，有明显强烈症状，提前出现某些疾病,8,66,695,126,3,—,—
2023-12-06T04:00:00,忻州市,会展中心,2182A,38.4928,112.7003,500,严重污染,儿童、老年人和病人应当留在室内，避免体力消耗，一般人群应避免户外活动,健康人群运动耐受力降低，有明显强烈症状，提前出现某些疾病,16,47,660,109,4,—,—
2023-12-06T04:00:00,忻州市,市政府,3208A,38.4153,112.7283,500,严重污染,儿童、老年人和病人应当留在室内，避免体力消耗，一般人群应避免户外活动,健康人群运动耐受力降低，有明显强烈症状，提前出现某些疾病,9,61,715,121,2,—,—
2023-12-06T04:00:00,临汾市,临钢医院,1733A,36.0783,111.5531,172,中度污染,儿童、老年人及心脏病、呼吸系统疾病患者避免长时间、高强度的户外锻练，一般人群适量减少户外运动,进一步加剧易感人群症状，可能对健康人群心脏、呼吸系统有影响,9,67,294,39,1,—,—
2023-12-06T04:00:00,临汾市,技工学校,1734A,36.0714,111.5028,161,中度污染,儿童、老年人及心脏病、呼吸系统疾病患者避免长时间、高强度的户外锻练，一般人群适量减少户外运动,进一步加剧易感人群症状，可能对健康人群心脏、呼吸系统有影响,8,70,271,41,4,—,—
2023-12-06T04:00:00,临汾市,市委,1736A,36.0855,111.5018,172,中度污染,儿童、老年人及心脏病、呼吸系统疾病患者避免长时间、高强度的户外锻练，一般人群适量减少户外运动,进一步加剧易感人群症状，可能对健康人群心脏、呼吸系统有影响,5,72,293,45,6,—,—
2023-12-06T04:00:00,临汾市,唐尧大酒店,3018A,36.1014,111.505,147,轻度污染,儿童、老年人及心脏病、呼吸系统疾病患者应减少长时间、高强度的户外锻炼,易感人群症状有轻度加剧，健康人群出现刺激症状,7,65,244,39,4,—,—
2023-12-06T04:00:00,临汾市,城南,3668A,36.0414,111.5036,—,—,—,—,—,—,—,—,—,—,—
2023-12-06T04:00:00,吕梁市,环保局,2183A,37.5211,111.1406,410,严重污染,儿童、老年人和病人应当留在室内，避免体力消耗，一般人群应避免户外活动,健康人群运动耐受力降低，有明显强烈症状，提前出现某些疾病,9,60,510,123,5,—,—
2023-12-06T04:00:00,吕梁市,自来水公司,2185A,37.5136,111.1297,399,严重污染,儿童、老年人和病人应当留在室内，避免体力消耗，一般人群应避免户外活动,健康人群运动耐受力降低，有明显强烈症状，提前出现某些疾病,13,57,499,120,3,—,—
2023-12-06T04:00:00,吕梁市,马茂庄小学,2867A,37.51,111.1283,418,严重污染,儿童、老年人和病人应当留在室内，避免体力消耗，一般人群应避免户外活动,健康人群运动耐受力降低，有明显强烈症状，提前出现某些疾病,30,41,518,122,3,—,—
2023-12-06T04:00:00,呼和浩特市,呼市一监,1090A,40.7517,111.6507,500,严重污染,儿童、老年人和病人应当留在室内，避免体力消耗，一般人群应避免户外活动,健康人群运动耐受力降低，有明显强烈症状，提前出现某些疾病,16,30,981,146,6,—,—
2023-12-06T04:00:00,呼和浩特市,小召,1091A,40.8033,111.6572,486,严重污染,儿童、老年人和病人应当留在室内，避免体力消耗，一般人群应避免户外活动,健康人群运动耐受力降低，有明显强烈症状，提前出现某些疾病,23,36,586,108,8,—,—
2023-12-06T04:00:00,呼和浩特市,如意水处理厂,1094A,40.8369,111.7516,110,轻度污染,儿童、老年人及心脏病、呼吸系统疾病患者应减少长时间、高强度的户外锻炼,易感人群症状有轻度加剧，健康人群出现刺激症状,37,10,169,33,7,—,—
2023-12-06T04:00:00,呼和浩特市,二十九中,1095A,40.8062,111.7276,119,轻度污染,儿童、老年人及心脏病、呼吸系统疾病患者应减少长时间、高强度的户外锻炼,易感人群症状有轻度加剧，健康人群出现刺激症状,38,14,188,44,9,—,—
2023-12-06T04:00:00,呼和浩特市,工大金川校区,1096A,40.7866,111.5512,415,严重污染,儿童、老年人和病人应当留在室内，避免体力消耗，一般人群应避免户外活动,健康人群运动耐受力降低，有明显强烈症状，提前出现某些疾病,26,20,515,132,9,—,—
2023-12-06T04:00:00,呼和浩特市,化肥厂生活区,1097A,40.7612,111.717,369,严重污染,儿童、老年人和病人应当留在室内，避免体力消耗，一般人群应避免户外活动,健康人群运动耐受力降低，有明显强烈症状，提前出现某些疾病,24,22,475,110,9,—,—
2023-12-06T04:00:00,呼和浩特市,红旗小学,3698A,40.8178,111.5968,190,中度污染,儿童、老年人及心脏病、呼吸系统疾病患者避免长时间、高强度的户外锻练，一般人群适量减少户外运动,进一步加剧易感人群症状，可能对健康人群心脏、呼吸系统有影响,50,5,329,66,10,—,—
2023-12-06T04:00:00,呼和浩特市,海东办,3699A,40.8389,111.6518,136,轻度污染,儿童、老年人及心脏病、呼吸系统疾病患者应减少长时间、高强度的户外锻炼,易感人群症状有轻度加剧，健康人群出现刺激症状,46,10,222,44,8,—,—
2023-12-06T04:00:00,包头市,市环境监测站,1585A,40.6532,109.8756,500,严重污染,儿童、老年人和病人应当留在室内，避免体力消耗，一般人群应避免户外活动,健康人群运动耐受力降低，有明显强烈症状，提前出现某些疾病,14,49,742,173,10,—,—
2023-12-06T04:00:00,包头市,包头八中,1587A,40.5842,109.9991,500,严重污染,儿童、老年人和病人应当留在室内，避免体力消耗，一般人群应避免户外活动,健康人群运动耐受力降低，有明显强烈症状，提前出现某些疾病,13,42,701,193,13,—,—
2023-12-06T04:00:00,包头市,青山宾馆,1588A,40.6821,109.8538,500,严重污染,儿童、老年人和病人应当留在室内，避免体力消耗，一般人群应避免户外活动,健康人群运动耐受力降低，有明显强烈症状，提前出现某些疾病,34,27,705,170,6,—,—
2023-12-06T04:00:00,包头市,惠龙物流,1589A,40.6288,109.8642,500,严重污染,儿童、老年人和病人应当留在室内，避免体力消耗，一般人群应避免户外活动,健康人群运动耐受力降低，有明显强烈症状，提前出现某些疾病,35,30,648,146,18,—,—
2023-12-06T04:00:00,包头市,东河鸿龙湾,1590A,40.5546,110.0377,500,严重污染,儿童、老年人和病人应当留在室内，避免体力消耗，一般人群应避免户外活动,健康人群运动耐受力降低，有明显强烈症状，提前出现某些疾病,7,54,649,120,8,—,—
2023-12-06T04:00:00,包头市,滨河大厦,3283A,40.5685,109.9154,461,严重污染,儿童、老年人和病人应当留在室内，避免体力消耗，一般人群应避免户外活动,健康人群运动耐受力降低，有明显强烈症状，提前出现某些疾病,15,51,561,141,12,—,—
2023-12-06T04:00:00,包头市,包头市委党校,3419A,40.6261,109.9447,500,严重污染,儿童、老年人和病人应当留在室内，避免体力消耗，一般人群应避免户外活动,健康人群运动耐受力降低，有明显强烈症状，提前出现某些疾病,46,16,877,186,11,—,—
2023-12-06T04:00:00,包头市,昆区政府,3683A,40.6576,109.8331,500,严重污染,儿童、老年人和病人应当留在室内，避免体力消耗，一般人群应避免户外活动,健康人群运动耐受力降低，有明显强烈症状，提前出现某些疾病,17,50,686,180,10,—,—
2023-12-06T04:00:00,乌海市,市林业局,2187A,39.6973,106.8174,88,良,极少数异常敏感人群应减少户外活动,空气质量可接受，但某些污染物可能对极少数异常敏感人群健康有较弱影响,5,81,126,23,8,—,—
2023-12-06T04:00:00,乌海市,中海勃湾学校,2188A,39.6667,106.7907,124,轻度污染,儿童、老年人及心脏病、呼吸系统疾病患者应减少长时间、高强度的户外锻炼,易感人群症状有轻度加剧，健康人群出现刺激症状,4,90,197,28,8,—,—
2023-12-06T04:00:00,乌海市,海北新区,3284A,39.7274,106.813,70,良,极少数异常敏感人群应减少户外活动,空气质量可接受，但某些污染物可能对极少数异常敏感人群健康有较弱影响,10,70,90,8,12,—,—
2023-12-06T04:00:00,乌海市,聚英学校,3621A,39.6778,106.8288,124,轻度污染,儿童、老年人及心脏病、呼吸系统疾病患者应减少长时间、高强度的户外锻炼,易感人群症状有轻度加剧，健康人群出现刺激症状,7,83,197,36,13,—,—
2023-12-06T04:00:00,赤峰市,松山一中,1744A,42.2816,118.9233,33,优,各类人群可正常活动,空气质量令人满意，基本无空气污染,7,61,33,2,7,—,—
2023-12-06T04:00:00,赤峰市,哈达街,1745A,42.2728,118.9576,32,优,各类人群可正常活动,空气质量令人满意，基本无空气污染,4,60,32,2,12,—,—
2023-12-06T04:00:00,赤峰市,天义路,1746A,42.2554,118.8788,27,优,各类人群可正常活动,空气质量令人满意，基本无空气污染,5,61,27,3,7,—,—
2023-12-06T04:00:00,赤峰市,银河街,3058A,42.0353,119.2658,68,良,极少数异常敏感人群应减少户外活动,空气质量可接受，但某些污染物可能对极少数异常敏感人群健康有较弱影响,6,60,85,12,10,—,—
2023-12-06T04:00:00,赤峰市,桥北物流园区,3286A,42.3147,118.9359,50,优,各类人群可正常活动,空气质量令人满意，基本无空气污染,2,61,50,3,9,—,—
2023-12-06T04:00:00,通辽市,艺术职业学校,2191A,43.6801,122.2532,33,优,各类人群可正常活动,空气质量令人满意，基本无空气污染,16,62,33,10,8,—,—
2023-12-06T04:00:00,通辽市,老干部活动中心,3706A,43.6333,122.2584,25,优,各类人群可正常活动,空气质量令人满意，基本无空气污染,25,55,25,15,7,—,—
2023-12-06T04:00:00,通辽市,东方明珠社区,3708A,43.6189,122.2922,35,优,各类人群可正常活动,空气质量令人满意，基本无空气污染,18,61,35,20,9,—,—
2023-12-06T04:00:00,鄂尔多斯市,综合楼,1591A,39.8129,110.0023,398,严重污染,儿童、老年人和病人应当留在室内，避免体力消耗，一般人群应避免户外活动,健康人群运动耐受力降低，有明显强烈症状，提前出现某些疾病,7,70,498,107,3,—,—
2023-12-06T04:00:00,鄂尔多斯市,巴音孟克林场办事处,1592A,39.8261,109.9486,345,严重污染,儿童、老年人和病人应当留在室内，避免体力消耗，一般人群应避免户外活动,健康人群运动耐受力降低，有明显强烈症状，提前出现某些疾病,6,66,456,107,5,—,—
2023-12-06T04:00:00,鄂尔多斯市,康泽苑,1593A,39.5986,109.7736,300,重度污染,儿童、老年人和心脏病、肺病患者应停留在室内，停止户外运动，一般人群减少户外运动,心脏病和肺病患者症状显著加剧，运动耐受力降低，健康人群普遍出现症状,14,59,420,133,5,—,—
2023-12-06T04:00:00,鄂尔多斯市,华泰汽车城,1594A,39.5989,109.8119,349,严重污染,儿童、老年人和病人应当留在室内，避免体力消耗，一般人群应避免户外活动,健康人群运动耐受力降低，有明显强烈症状，提前出现某些疾病,13,63,459,110,6,—,—
2023-12-06T04:00:00,鄂尔多斯市,奥林花园,1595A,39.7884,109.9734,420,严重污染,儿童、老年人和病人应当留在室内，避免体力消耗，一般人群应避免户外活动,健康人群运动耐受力降低，有明显强烈症状，提前出现某些疾病,10,63,520,124,23,—,—
2023-12-06T04:00:00,呼伦贝尔市,区环保局,2192A,49.2261,119.7594,33,优,各类人群可正常活动,空气质量令人满意，基本无空气污染,4,66,25,23,4,—,—
2023-12-06T04:00:00,呼伦贝尔市,国华电力东,3061A,49.1577,119.7512,23,优,各类人群可正常活动,空气质量令人满意，基本无空气污染,2,71,23,14,4,—,—
2023-12-06T04:00:00,巴彦淖尔市,附二中,2195A,40.761,107.4212,130,轻度污染,儿童、老年人及心脏病、呼吸系统疾病患者应减少长时间、高强度的户外锻炼,易感人群症状有轻度加剧，健康人群出现刺激症状,4,72,210,35,2,—,—
2023-12-06T04:00:00,巴彦淖尔市,市环保大楼,2196A,40.7372,107.37,91,良,极少数异常敏感人群应减少户外活动,空气质量可接受，但某些污染物可能对极少数异常敏感人群健康有较弱影响,3,70,131,25,2,—,—
2023-12-06T04:00:00,乌兰察布市,集宁新区,2197A,40.9923,113.1306,63,良,极少数异常敏感人群应减少户外活动,空气质量可接受，但某些污染物可能对极少数异常敏感人群健康有较弱影响,7,58,76,23,4,—,—
2023-12-06T04:00:00,乌兰察布市,光明街小学,3034A,41.0385,113.1076,75,良,极少数异常敏感人群应减少户外活动,空气质量可接受，但某些污染物可能对极少数异常敏感人群健康有较弱影响,5,61,99,19,6,—,—
2023-12-06T04:00:00,乌兰察布市,北京八中,3285A,40.9509,113.1376,72,良,极少数异常敏感人群应减少户外活动,空气质量可接受，但某些污染物可能对极少数异常敏感人群健康有较弱影响,10,49,93,16,10,—,—
2023-12-06T04:00:00,乌兰察布市,市委党校,3421A,40.9779,113.1775,59,良,极少数异常敏感人群应减少户外活动,空气质量可接受，但某些污染物可能对极少数异常敏感人群健康有较弱影响,7,60,67,16,9,—,—
2023-12-06T04:00:00,兴安盟,胜华新制药厂,2200A,46.0656,122.0392,18,优,各类人群可正常活动,空气质量令人满意，基本无空气污染,3,54,17,12,3,—,—
2023-12-06T04:00:00,兴安盟,科右前旗环保局,2201A,46.0741,121.9504,29,优,各类人群可正常活动,空气质量令人满意，基本无空气污染,24,56,16,20,2,—,—
2023-12-06T04:00:00,兴安盟,北滨河,3035A,46.0707,122.0931,22,优,各类人群可正常活动,空气质量令人满意，基本无空气污染,7,54,22,14,4,—,—
2023-12-06T04:00:00,锡林郭勒盟,市环保监测站,2202A,43.9317,116.1042,20,优,各类人群可正常活动,空气质量令人满意，基本无空气污染,2,62,6,4,6,—,—
2023-12-06T04:00:00,锡林郭勒盟,市政府,2203A,43.9311,116.0781,22,优,各类人群可正常活动,空气质量令人满意，基本无空气污染,3,52,22,2,12,—,—
2023-12-06T04:00:00,阿拉善盟,西城区西花园,2204A,38.8363,105.6467,125,轻度污染,儿童、老年人及心脏病、呼吸系统疾病患者应减少长时间、高强度的户外锻炼,易感人群症状有轻度加剧，健康人群出现刺激症状,6,88,199,43,9,—,—
2023-12-06T04:00:00,阿拉善盟,蒙二幼,2205A,38.8411,105.6985,134,轻度污染,儿童、老年人及心脏病、呼吸系统疾病患者应减少长时间、高强度的户外锻炼,易感人群症状有轻度加剧，健康人群出现刺激症状,7,86,217,42,5,—,—
2023-12-06T04:00:00,阿拉善盟,环保局新楼,2206A,38.8516,105.724,100,良,极少数异常敏感人群应减少户外活动,空气质量可接受，但某些污染物可能对极少数异常敏感人群健康有较弱影响,5,88,150,41,8,—,—
2023-12-06T04:00:00,沈阳市,森林路,1098A,41.9339,123.6836,—,—,—,—,—,—,—,—,—,—,—
2023-12-06T04:00:00,沈阳市,浑南东路,1099A,41.7406,123.505,165,中度污染,儿童、老年人及心脏病、呼吸系统疾病患者避免长时间、高强度的户外锻练，一般人群适量减少户外运动,进一步加剧易感人群症状，可能对健康人群心脏、呼吸系统有影响,53,25,176,125,18,—,—
2023-12-06T04:00:00,沈阳市,新秀街,1100A,41.6989,123.4231,166,中度污染,儿童、老年人及心脏病、呼吸系统疾病患者避免长时间、高强度的户外锻练，一般人群适量减少户外运动,进一步加剧易感人群症状，可能对健康人群心脏、呼吸系统有影响,66,15,172,126,15,—,—
2023-12-06T04:00:00,沈阳市,东陵路,1102A,41.8411,123.5903,144,轻度污染,儿童、老年人及心脏病、呼吸系统疾病患者应减少长时间、高强度的户外锻炼,易感人群症状有轻度加剧，健康人群出现刺激症状,57,21,134,110,14,—,—
2023-12-06T04:00:00,沈阳市,陵东街,1103A,41.8467,123.4264,162,中度污染,儿童、老年人及心脏病、呼吸系统疾病患者避免长时间、高强度的户外锻练，一般人群适量减少户外运动,进一步加剧易感人群症状，可能对健康人群心脏、呼吸系统有影响,68,9,160,123,18,—,—
2023-12-06T04:00:00,沈阳市,文化路,1104A,41.7653,123.4114,186,中度污染,儿童、老年人及心脏病、呼吸系统疾病患者避免长时间、高强度的户外锻练，一般人群适量减少户外运动,进一步加剧易感人群症状，可能对健康人群心脏、呼吸系统有影响,63,11,174,140,13,—,—
2023-12-06T04:00:00,沈阳市,小河沿,1105A,41.7867,123.4678,178,中度污染,儿童、老年人及心脏病、呼吸系统疾病患者避免长时间、高强度的户外锻练，一般人群适量减少户外运动,进一步加剧易感人群症状，可能对健康人群心脏、呼吸系统有影响,79,4,174,134,32,—,—
2023-12-06T04:00:00,沈阳市,太原街,1106A,41.7972,123.4017,201,重度污染,儿童、老年人和心脏病、肺病患者应停留在室内，停止户外运动，一般人群减少户外运动,心脏病和肺病患者症状显著加剧，运动耐受力降低，健康人群普遍出现症状,65,7,170,151,18,—,—
2023-12-06T04:00:00,沈阳市,京沈街,1108A,41.9228,123.3783,183,中度污染,儿童、老年人及心脏病、呼吸系统疾病患者避免长时间、高强度的户外锻练，一般人群适量减少户外运动,进一步加剧易感人群症状，可能对健康人群心脏、呼吸系统有影响,49,16,137,138,14,—,—
2023-12-06T04:00:00,沈阳市,沈辽西路,2897A,41.7347,123.2444,183,中度污染,儿童、老年人及心脏病、呼吸系统疾病患者避免长时间、高强度的户外锻练，一般人群适量减少户外运动,进一步加剧易感人群症状，可能对健康人群心脏、呼吸系统有影响,52,20,197,138,13,—,—
2023-12-06T04:00:00,沈阳市,裕农路,2900A,41.9086,123.5953,147,轻度污染,儿童、老年人及心脏病、呼吸系统疾病患者应减少长时间、高强度的户外锻炼,易感人群症状有轻度加剧，健康人群出现刺激症状,62,8,148,112,12,—,—
2023-12-06T04:00:00,大连市,甘井子,1109A,38.9741,121.612,220,重度污染,儿童、老年人和心脏病、肺病患者应停留在室内，停止户外运动，一般人群减少户外运动,心脏病和肺病患者症状显著加剧，运动耐受力降低，健康人群普遍出现症状,43,72,233,170,16,—,—
2023-12-06T04:00:00,大连市,周水子,1110A,38.9511,121.565,233,重度污染,儿童、老年人和心脏病、肺病患者应停留在室内，停止户外运动，一般人群减少户外运动,心脏病和肺病患者症状显著加剧，运动耐受力降低，健康人群普遍出现症状,32,64,227,183,19,—,—
2023-12-06T04:00:00,大连市,星海三站,1111A,38.8845,121.5637,220,重度污染,儿童、老年人和心脏病、肺病患者应停留在室内，停止户外运动，一般人群减少户外运动,心脏病和肺病患者症状显著加剧，运动耐受力降低，健康人群普遍出现症状,34,77,205,170,15,—,—
2023-12-06T04:00:00,大连市,青泥洼桥,1112A,38.9117,121.6302,238,重度污染,儿童、老年人和心脏病、肺病患者应停留在室内，停止户外运动，一般人群减少户外运动,心脏病和肺病患者症状显著加剧，运动耐受力降低，健康人群普遍出现症状,47,55,206,188,22,—,—
2023-12-06T04:00:00,大连市,傅家庄,1113A,38.8638,121.6251,218,重度污染,儿童、老年人和心脏病、肺病患者应停留在室内，停止户外运动，一般人群减少户外运动,心脏病和肺病患者症状显著加剧，运动耐受力降低，健康人群普遍出现症状,33,82,231,168,24,—,—
2023-12-06T04:00:00,大连市,七贤岭,1114A,38.8661,121.5213,212,重度污染,儿童、老年人和心脏病、肺病患者应停留在室内，停止户外运动，一般人群减少户外运动,心脏病和肺病患者症状显著加剧，运动耐受力降低，健康人群普遍出现症状,30,87,203,162,13,—,—
2023-12-06T04:00:00,大连市,旅顺,1115A,38.8061,121.2529,230,重度污染,儿童、老年人和心脏病、肺病患者应停留在室内，停止户外运动，一般人群减少户外运动,心脏病和肺病患者症状显著加剧，运动耐受力降低，健康人群普遍出现症状,34,63,217,180,14,—,—
2023-12-06T04:00:00,大连市,金州,1116A,39.1311,121.7485,214,重度污染,儿童、老年人和心脏病、肺病患者应停留在室内，停止户外运动，一般人群减少户外运动,心脏病和肺病患者症状显著加剧，运动耐受力降低，健康人群普遍出现症状,33,62,206,164,16,—,—
2023-12-06T04:00:00,大连市,开发区,1117A,39.0496,121.7811,210,重度污染,儿童、老年人和心脏病、肺病患者应停留在室内，停止户外运动，一般人群减少户外运动,心脏病和肺病患者症状显著加剧，运动耐受力降低，健康人群普遍出现症状,40,55,198,160,12,—,—
2023-12-06T04:00:00,大连市,双D港,1118A,39.0631,121.9762,120,轻度污染,儿童、老年人及心脏病、呼吸系统疾病患者应减少长时间、高强度的户外锻炼,易感人群症状有轻度加剧，健康人群出现刺激症状,26,40,121,91,7,—,—
2023-12-06T04:00:00,鞍山市,深沟寺,1748A,41.1196,123.044,166,中度污染,儿童、老年人及心脏病、呼吸系统疾病患者避免长时间、高强度的户外锻练，一般人群适量减少户外运动,进一步加剧易感人群症状，可能对健康人群心脏、呼吸系统有影响,37,47,144,126,18,—,—
2023-12-06T04:00:00,鞍山市,太阳城,1749A,41.0931,123.011,—,—,—,—,33,55,138,—,18,—,—
2023-12-06T04:00:00,鞍山市,太平,1750A,41.1442,123.0485,162,中度污染,儿童、老年人及心脏病、呼吸系统疾病患者避免长时间、高强度的户外锻练，一般人群适量减少户外运动,进一步加剧易感人群症状，可能对健康人群心脏、呼吸系统有影响,60,32,179,123,29,—,—
2023-12-06T04:00:00,鞍山市,铁西三道街,1751A,41.0971,122.9642,162,中度污染,儿童、老年人及心脏病、呼吸系统疾病患者避免长时间、高强度的户外锻练，一般人群适量减少户外运动,进一步加剧易感人群症状，可能对健康人群心脏、呼吸系统有影响,44,42,172,123,19,—,—
2023-12-06T04:00:00,鞍山市,铁西工业园区,1752A,41.0833,122.9341,158,中度污染,儿童、老年人及心脏病、呼吸系统疾病患者避免长时间、高强度的户外锻练，一般人群适量减少户外运动,进一步加剧易感人群症状，可能对健康人群心脏、呼吸系统有影响,45,42,156,120,19,—,—
2023-12-06T04:00:00,鞍山市,明达新区,1753A,41.0821,123.022,140,轻度污染,儿童、老年人及心脏病、呼吸系统疾病患者应减少长时间、高强度的户外锻炼,易感人群症状有轻度加剧，健康人群出现刺激症状,34,54,131,107,16,—,—
2023-12-06T04:00:00,鞍山市,千山,1754A,41.0228,123.1289,—,—,—,—,—,—,—,—,—,—,—
2023-12-06T04:00:00,抚顺市,望花区,1755A,41.8491,123.7977,113,轻度污染,儿童、老年人及心脏病、呼吸系统疾病患者应减少长时间、高强度的户外锻炼,易感人群症状有轻度加剧，健康人群出现刺激症状,60,22,113,85,25,—,—
2023-12-06T04:00:00,抚顺市,顺城区,1756A,41.8822,123.9161,134,轻度污染,儿童、老年人及心脏病、呼吸系统疾病患者应减少长时间、高强度的户外锻炼,易感人群症状有轻度加剧，健康人群出现刺激症状,57,6,123,102,9,—,—
2023-12-06T04:00:00,抚顺市,东洲区,1757A,41.8611,124.0436,120,轻度污染,儿童、老年人及心脏病、呼吸系统疾病患者应减少长时间、高强度的户外锻炼,易感人群症状有轻度加剧，健康人群出现刺激症状,45,21,108,91,8,—,—
2023-12-06T04:00:00,抚顺市,新抚区,1758A,41.8642,123.9247,138,轻度污染,儿童、老年人及心脏病、呼吸系统疾病患者应减少长时间、高强度的户外锻炼,易感人群症状有轻度加剧，健康人群出现刺激症状,54,4,125,105,7,—,—
2023-12-06T04:00:00,抚顺市,大伙房水库,1759A,41.8961,124.0972,107,轻度污染,儿童、老年人及心脏病、呼吸系统疾病患者应减少长时间、高强度的户外锻炼,易感人群症状有轻度加剧，健康人群出现刺激症状,49,28,104,80,10,—,—
2023-12-06T04:00:00,抚顺市,沈抚新城,1760A,41.8391,123.7086,110,轻度污染,儿童、老年人及心脏病、呼吸系统疾病患者应减少长时间、高强度的户外锻炼,易感人群症状有轻度加剧，健康人群出现刺激症状,80,8,115,83,11,—,—
2023-12-06T04:00:00,本溪市,大峪,1761A,41.3064,123.8275,97,良,极少数异常敏感人群应减少户外活动,空气质量可接受，但某些污染物可能对极少数异常敏感人群健康有较弱影响,27,69,103,72,9,—,—
2023-12-06T04:00:00,本溪市,溪湖,1762A,41.3325,123.7567,144,轻度污染,儿童、老年人及心脏病、呼吸系统疾病患者应减少长时间、高强度的户外锻炼,易感人群症状有轻度加剧，健康人群出现刺激症状,56,27,150,110,25,—,—
2023-12-06T04:00:00,本溪市,彩屯,1763A,41.3094,123.7169,110,轻度污染,儿童、老年人及心脏病、呼吸系统疾病患者应减少长时间、高强度的户外锻炼,易感人群症状有轻度加剧，健康人群出现刺激症状,44,46,113,83,12,—,—
2023-12-06T04:00:00,本溪市,东明,1764A,41.2864,123.7669,112,轻度污染,儿童、老年人及心脏病、呼吸系统疾病患者应减少长时间、高强度的户外锻炼,易感人群症状有轻度加剧，健康人群出现刺激症状,43,61,88,84,14,—,—
2023-12-06T04:00:00,本溪市,新立屯,1765A,41.2664,123.7992,89,良,极少数异常敏感人群应减少户外活动,空气质量可接受，但某些污染物可能对极少数异常敏感人群健康有较弱影响,34,62,74,66,11,—,—
2023-12-06T04:00:00,本溪市,威宁,1766A,41.3472,123.8142,97,良,极少数异常敏感人群应减少户外活动,空气质量可接受，但某些污染物可能对极少数异常敏感人群健康有较弱影响,51,16,108,72,5,—,—
2023-12-06T04:00:00,丹东市,江湾东路,1600A,40.0625,124.3303,68,良,极少数异常敏感人群应减少户外活动,空气质量可接受，但某些污染物可能对极少数异常敏感人群健康有较弱影响,16,66,62,49,9,—,—
2023-12-06T04:00:00,丹东市,临江后街,1601A,40.1503,124.4256,67,良,极少数异常敏感人群应减少户外活动,空气质量可接受，但某些污染物可能对极少数异常敏感人群健康有较弱影响,14,57,72,48,15,—,—
2023-12-06T04:00:00,丹东市,元宝山,1602A,40.1461,124.3933,67,良,极少数异常敏感人群应减少户外活动,空气质量可接受，但某些污染物可能对极少数异常敏感人群健康有较弱影响,19,62,67,48,11,—,—
2023-12-06T04:00:00,丹东市,民主桥,1603A,40.1092,124.3633,62,良,极少数异常敏感人群应减少户外活动,空气质量可接受，但某些污染物可能对极少数异常敏感人群健康有较弱影响,12,65,68,44,9,—,—
2023-12-06T04:00:00,锦州市,南山,1767A,41.0879,121.1115,63,良,极少数异常敏感人群应减少户外活动,空气质量可接受，但某些污染物可能对极少数异常敏感人群健康有较弱影响,12,49,76,19,14,—,—
2023-12-06T04:00:00,锦州市,开发区,1768A,40.8434,121.0533,94,良,极少数异常敏感人群应减少户外活动,空气质量可接受，但某些污染物可能对极少数异常敏感人群健康有较弱影响,57,13,137,60,36,—,—
2023-12-06T04:00:00,锦州市,百股街道,1769A,41.1119,121.1836,60,良,极少数异常敏感人群应减少户外活动,空气质量可接受，但某些污染物可能对极少数异常敏感人群健康有较弱影响,17,52,70,14,18,—,—
2023-12-06T04:00:00,锦州市,天安街道,1770A,41.1222,121.1178,59,良,极少数异常敏感人群应减少户外活动,空气质量可接受，但某些污染物可能对极少数异常敏感人群健康有较弱影响,9,60,68,26,17,—,—
2023-12-06T04:00:00,锦州市,北湖公园,1771A,41.1386,121.1303,51,良,极少数异常敏感人群应减少户外活动,空气质量可接受，但某些污染物可能对极少数异常敏感人群健康有较弱影响,7,60,51,7,15,—,—
2023-12-06T04:00:00,营口市,大庆路,1597A,40.7094,122.2703,122,轻度污染,儿童、老年人及心脏病、呼吸系统疾病患者应减少长时间、高强度的户外锻炼,易感人群症状有轻度加剧，健康人群出现刺激症状,41,40,194,—,9,—,—
2023-12-06T04:00:00,营口市,镜湖西路,1598A,40.6511,122.2150,203,重度污染,儿童、老年人和心脏病、肺病患者应停留在室内，停止户外运动，一般人群减少户外运动,心脏病和肺病患者症状显著加剧，运动耐受力降低，健康人群普遍出现症状,47,36,190,153,12,—,—
2023-12-06T04:00:00,营口市,西炮台,1599A,40.6789,122.1658,183,中度污染,儿童、老年人及心脏病、呼吸系统疾病患者避免长时间、高强度的户外锻练，一般人群适量减少户外运动,进一步加剧易感人群症状，可能对健康人群心脏、呼吸系统有影响,47,34,169,138,8,—,—
2023-12-06T04:00:00,营口市,鲅鱼圈市民活动中心,3379A,40.2278,122.1139,178,中度污染,儿童、老年人及心脏病、呼吸系统疾病患者避免长时间、高强度的户外锻练，一般人群适量减少户外运动,进一步加剧易感人群症状，可能对健康人群心脏、呼吸系统有影响,32,68,174,134,17,—,—
2023-12-06T04:00:00,营口市,三高中,3866A,40.66302,122.2469,189,中度污染,儿童、老年人及心脏病、呼吸系统疾病患者避免长时间、高强度的户外锻练，一般人群适量减少户外运动,进一步加剧易感人群症状，可能对健康人群心脏、呼吸系统有影响,52,45,181,142,10,—,—
2023-12-06T04:00:00,营口市,老边实验小学,4006A,40.6762,122.3622,119,轻度污染,儿童、老年人及心脏病、呼吸系统疾病患者应减少长时间、高强度的户外锻炼,易感人群症状有轻度加剧，健康人群出现刺激症状,67,21,178,90,12,—,—
2023-12-06T04:00:00,阜新市,工业园区,2207A,41.998,121.6094,65,良,极少数异常敏感人群应减少户外活动,空气质量可接受，但某些污染物可能对极少数异常敏感人群健康有较弱影响,22,42,80,16,11,—,—
2023-12-06T04:00:00,阜新市,长青街,2208A,42.0279,121.6697,44,优,各类人群可正常活动,空气质量令人满意，基本无空气污染,17,54,44,3,8,—,—
2023-12-06T04:00:00,阜新市,农业园区,2209A,42.0705,121.6673,40,优,各类人群可正常活动,空气质量令人满意，基本无空气污染,9,54,40,9,8,—,—
2023-12-06T04:00:00,阜新市,东苑,2210A,42.0224,121.6717,36,优,各类人群可正常活动,空气质量令人满意，基本无空气污染,10,59,36,1,8,—,—
2023-12-06T04:00:00,阜新市,玉龙新城,2211A,42.0498,121.6506,41,优,各类人群可正常活动,空气质量令人满意，基本无空气污染,13,55,41,2,7,—,—
2023-12-06T04:00:00,辽阳市,宏伟区,2212A,41.1953,123.2,152,中度污染,儿童、老年人及心脏病、呼吸系统疾病患者避免长时间、高强度的户外锻练，一般人群适量减少户外运动,进一步加剧易感人群症状，可能对健康人群心脏、呼吸系统有影响,44,39,132,116,17,—,—
2023-12-06T04:00:00,辽阳市,新华园,2213A,41.2495,123.1683,135,轻度污染,儿童、老年人及心脏病、呼吸系统疾病患者应减少长时间、高强度的户外锻炼,易感人群症状有轻度加剧，健康人群出现刺激症状,46,24,152,103,22,—,—
2023-12-06T04:00:00,辽阳市,滨河路,2214A,41.2639,123.2354,144,轻度污染,儿童、老年人及心脏病、呼吸系统疾病患者应减少长时间、高强度的户外锻炼,易感人群症状有轻度加剧，健康人群出现刺激症状,43,32,99,110,18,—,—
2023-12-06T04:00:00,辽阳市,铁西工业园,2215A,41.2991,123.149,153,中度污染,儿童、老年人及心脏病、呼吸系统疾病患者避免长时间、高强度的户外锻练，一般人群适量减少户外运动,进一步加剧易感人群症状，可能对健康人群心脏、呼吸系统有影响,40,20,148,117,12,—,—
2023-12-06T04:00:00,盘锦市,开发区,1604A,41.1489,122.0303,169,中度污染,儿童、老年人及心脏病、呼吸系统疾病患者避免长时间、高强度的户外锻练，一般人群适量减少户外运动,进一步加剧易感人群症状，可能对健康人群心脏、呼吸系统有影响,59,14,130,128,11,—,—
2023-12-06T04:00:00,盘锦市,兴隆台,1605A,41.0883,122.0485,168,中度污染,儿童、老年人及心脏病、呼吸系统疾病患者避免长时间、高强度的户外锻练，一般人群适量减少户外运动,进一步加剧易感人群症状，可能对健康人群心脏、呼吸系统有影响,51,14,135,127,11,—,—
2023-12-06T04:00:00,盘锦市,新生街道,1606A,41.1028,121.8297,132,轻度污染,儿童、老年人及心脏病、呼吸系统疾病患者应减少长时间、高强度的户外锻炼,易感人群症状有轻度加剧，健康人群出现刺激症状,54,6,136,100,10,—,—
2023-12-06T04:00:00,铁岭市,汇工街西,2216A,42.3022,123.8139,170,中度污染,儿童、老年人及心脏病、呼吸系统疾病患者避免长时间、高强度的户外锻练，一般人群适量减少户外运动,进一步加剧易感人群症状，可能对健康人群心脏、呼吸系统有影响,45,17,132,129,31,—,—
2023-12-06T04:00:00,铁岭市,水上乐园,2217A,42.2923,123.8649,170,中度污染,儿童、老年人及心脏病、呼吸系统疾病患者避免长时间、高强度的户外锻练，一般人群适量减少户外运动,进一步加剧易感人群症状，可能对健康人群心脏、呼吸系统有影响,43,27,138,129,3,—,—
2023-12-06T04:00:00,铁岭市,银州路东段,2218A,42.2867,123.8486,169,中度污染,儿童、老年人及心脏病、呼吸系统疾病患者避免长时间、高强度的户外锻练，一般人群适量减少户外运动,进一步加剧易感人群症状，可能对健康人群心脏、呼吸系统有影响,47,23,154,128,5,—,—
2023-12-06T04:00:00,铁岭市,金沙江路北,2219A,42.2217,123.7153,183,中度污染,儿童、老年人及心脏病、呼吸系统疾病患者避免长时间、高强度的户外锻练，一般人群适量减少户外运动,进一步加剧易感人群症状，可能对健康人群心脏、呼吸系统有影响,33,32,131,138,10,—,—
2023-12-06T04:00:00,朝阳市,西梁,2220A,41.5881,120.4318,60,良,极少数异常敏感人群应减少户外活动,空气质量可接受，但某些污染物可能对极少数异常敏感人群健康有较弱影响,6,59,69,7,8,—,—
2023-12-06T04:00:00,朝阳市,河畔小区,2221A,41.5646,120.4521,61,良,极少数异常敏感人群应减少户外活动,空气质量可接受，但某些污染物可能对极少数异常敏感人群健康有较弱影响,8,58,72,5,4,—,—
2023-12-06T04:00:00,朝阳市,八里堡,2222A,41.5648,120.4176,58,良,极少数异常敏感人群应减少户外活动,空气质量可接受，但某些污染物可能对极少数异常敏感人群健康有较弱影响,12,55,66,13,8,—,—
2023-12-06T04:00:00,朝阳市,农业园区,2223A,41.5969,120.3806,58,良,极少数异常敏感人群应减少户外活动,空气质量可接受，但某些污染物可能对极少数异常敏感人群健康有较弱影响,7,56,65,5,7,—,—
2023-12-06T04:00:00,葫芦岛市,龙港区,1607A,40.7136,120.9092,80,良,极少数异常敏感人群应减少户外活动,空气质量可接受，但某些污染物可能对极少数异常敏感人群健康有较弱影响,57,18,110,44,23,—,—
2023-12-06T04:00:00,葫芦岛市,化工街,1608A,40.7514,120.8392,62,良,极少数异常敏感人群应减少户外活动,空气质量可接受，但某些污染物可能对极少数异常敏感人群健康有较弱影响,11,35,73,14,12,—,—
2023-12-06T04:00:00,葫芦岛市,新区,1609A,40.7073,120.8341,63,良,极少数异常敏感人群应减少户外活动,空气质量可接受，但某些污染物可能对极少数异常敏感人群健康有较弱影响,38,40,76,21,17,—,—
2023-12-06T04:00:00,葫芦岛市,东城区,1610A,40.7677,120.8695,61,良,极少数异常敏感人群应减少户外活动,空气质量可接受，但某些污染物可能对极少数异常敏感人群健康有较弱影响,8,57,71,7,6,—,—
2023-12-06T04:00:00,长春市,食品厂,1119A,43.9166,125.3325,113,轻度污染,儿童、老年人及心脏病、呼吸系统疾病患者应减少长时间、高强度的户外锻炼,易感人群症状有轻度加剧，健康人群出现刺激症状,28,36,82,85,11,—,—
2023-12-06T04:00:00,长春市,客车厂,1120A,43.9027,125.2863,117,轻度污染,儿童、老年人及心脏病、呼吸系统疾病患者应减少长时间、高强度的户外锻炼,易感人群症状有轻度加剧，健康人群出现刺激症状,39,26,81,88,41,—,—
2023-12-06T04:00:00,长春市,邮电学院,1121A,43.8463,125.2841,137,轻度污染,儿童、老年人及心脏病、呼吸系统疾病患者应减少长时间、高强度的户外锻炼,易感人群症状有轻度加剧，健康人群出现刺激症状,33,30,108,104,13,—,—
2023-12-06T04:00:00,长春市,劳动公园,1122A,43.8772,125.3716,114,轻度污染,儿童、老年人及心脏病、呼吸系统疾病患者应减少长时间、高强度的户外锻炼,易感人群症状有轻度加剧，健康人群出现刺激症状,34,34,97,86,15,—,—
2023-12-06T04:00:00,长春市,园林处,1123A,43.8805,125.3297,109,轻度污染,儿童、老年人及心脏病、呼吸系统疾病患者应减少长时间、高强度的户外锻炼,易感人群症状有轻度加剧，健康人群出现刺激症状,25,40,77,82,8,—,—
2023-12-06T04:00:00,长春市,净月潭,1124A,43.79,125.4605,129,轻度污染,儿童、老年人及心脏病、呼吸系统疾病患者应减少长时间、高强度的户外锻炼,易感人群症状有轻度加剧，健康人群出现刺激症状,16,36,88,98,5,—,—
2023-12-06T04:00:00,长春市,甩湾子,1125A,43.515,125.7194,119,轻度污染,儿童、老年人及心脏病、呼吸系统疾病患者应减少长时间、高强度的户外锻炼,易感人群症状有轻度加剧，健康人群出现刺激症状,19,51,122,90,7,—,—
2023-12-06T04:00:00,长春市,经开区环卫处,1126A,43.8447,125.3863,113,轻度污染,儿童、老年人及心脏病、呼吸系统疾病患者应减少长时间、高强度的户外锻炼,易感人群症状有轻度加剧，健康人群出现刺激症状,30,40,88,85,11,—,—
2023-12-06T04:00:00,长春市,高新区管委会,1127A,43.7783,125.245,115,轻度污染,儿童、老年人及心脏病、呼吸系统疾病患者应减少长时间、高强度的户外锻炼,易感人群症状有轻度加剧，健康人群出现刺激症状,23,37,97,87,9,—,—
2023-12-06T04:00:00,长春市,岱山公园,1128A,43.8325,125.1761,109,轻度污染,儿童、老年人及心脏病、呼吸系统疾病患者应减少长时间、高强度的户外锻炼,易感人群症状有轻度加剧，健康人群出现刺激症状,16,42,97,82,4,—,—
2023-12-06T04:00:00,吉林市,哈达湾,1772A,43.8622,126.54,119,轻度污染,儿童、老年人及心脏病、呼吸系统疾病患者应减少长时间、高强度的户外锻炼,易感人群症状有轻度加剧，健康人群出现刺激症状,19,64,126,90,10,—,—
2023-12-06T04:00:00,吉林市,东局子,1773A,43.8358,126.5844,127,轻度污染,儿童、老年人及心脏病、呼吸系统疾病患者应减少长时间、高强度的户外锻炼,易感人群症状有轻度加剧，健康人群出现刺激症状,18,62,123,96,7,—,—
2023-12-06T04:00:00,吉林市,电力学院,1774A,43.8245,126.5052,110,轻度污染,儿童、老年人及心脏病、呼吸系统疾病患者应减少长时间、高强度的户外锻炼,易感人群症状有轻度加剧，健康人群出现刺激症状,20,61,114,83,9,—,—
2023-12-06T04:00:00,吉林市,江北,1775A,43.8972,126.6133,128,轻度污染,儿童、老年人及心脏病、呼吸系统疾病患者应减少长时间、高强度的户外锻炼,易感人群症状有轻度加剧，健康人群出现刺激症状,23,63,130,97,10,—,—
2023-12-06T04:00:00,吉林市,江南公园,1776A,43.8306,126.555,127,轻度污染,儿童、老年人及心脏病、呼吸系统疾病患者应减少长时间、高强度的户外锻炼,易感人群症状有轻度加剧，健康人群出现刺激症状,20,61,119,96,9,—,—
2023-12-06T04:00:00,吉林市,丰满,1778A,43.7133,126.7061,129,轻度污染,儿童、老年人及心脏病、呼吸系统疾病患者应减少长时间、高强度的户外锻炼,易感人群症状有轻度加剧，健康人群出现刺激症状,15,71,125,98,11,—,—
2023-12-06T04:00:00,吉林市,九站,2868A,43.953,126.4739,145,轻度污染,儿童、老年人及心脏病、呼吸系统疾病患者应减少长时间、高强度的户外锻炼,易感人群症状有轻度加剧，健康人群出现刺激症状,20,57,137,111,7,—,—
2023-12-06T04:00:00,四平市,一商场,2225A,43.1713,124.4002,122,轻度污染,儿童、老年人及心脏病、呼吸系统疾病患者应减少长时间、高强度的户外锻炼,易感人群症状有轻度加剧，健康人群出现刺激症状,40,37,160,92,6,—,—
2023-12-06T04:00:00,四平市,境园,2226A,43.193,124.388,162,中度污染,儿童、老年人及心脏病、呼吸系统疾病患者避免长时间、高强度的户外锻练，一般人群适量减少户外运动,进一步加剧易感人群症状，可能对健康人群心脏、呼吸系统有影响,22,37,117,123,8,—,—
2023-12-06T04:00:00,四平市,植物园,3486A,43.1411,124.4036,135,轻度污染,儿童、老年人及心脏病、呼吸系统疾病患者应减少长时间、高强度的户外锻炼,易感人群症状有轻度加剧，健康人群出现刺激症状,34,26,119,103,4,—,—
2023-12-06T04:00:00,四平市,世纪城,3713A,43.1666,124.3419,117,轻度污染,儿童、老年人及心脏病、呼吸系统疾病患者应减少长时间、高强度的户外锻炼,易感人群症状有轻度加剧，健康人群出现刺激症状,34,38,110,88,6,—,—
2023-12-06T04:00:00,辽源市,环保局,2227A,42.8845,125.1358,—,—,—,—,—,—,—,—,—,—,—
2023-12-06T04:00:00,辽源市,银鹰制药,3239A,42.9078,125.0764,102,轻度污染,儿童、老年人及心脏病、呼吸系统疾病患者应减少长时间、高强度的户外锻炼,易感人群症状有轻度加剧，健康人群出现刺激症状,23,51,90,76,19,—,—
2023-12-06T04:00:00,通化市,光明,2229A,41.7173,125.9358,40,优,各类人群可正常活动,空气质量令人满意，基本无空气污染,14,90,40,27,10,—,—
2023-12-06T04:00:00,通化市,铁路,2230A,41.7325,125.9446,39,优,各类人群可正常活动,空气质量令人满意，基本无空气污染,9,95,38,27,8,—,—
2023-12-06T04:00:00,白山市,喜丰,2231A,41.9171,126.4219,56,良,极少数异常敏感人群应减少户外活动,空气质量可接受，但某些污染物可能对极少数异常敏感人群健康有较弱影响,12,84,61,28,15,—,—
2023-12-06T04:00:00,白山市,环保局,2232A,41.9419,126.4077,57,良,极少数异常敏感人群应减少户外活动,空气质量可接受，但某些污染物可能对极少数异常敏感人群健康有较弱影响,17,82,64,35,13,—,—
2023-12-06T04:00:00,松原市,江南,2233A,45.1214,124.8006,17,优,各类人群可正常活动,空气质量令人满意，基本无空气污染,11,52,11,7,8,—,—
2023-12-06T04:00:00,松原市,江北,2234A,45.1722,124.7965,18,优,各类人群可正常活动,空气质量令人满意，基本无空气污染,9,55,12,5,5,—,—
2023-12-06T04:00:00,白城市,洮北区环保局,2235A,45.6077,122.7911,18,优,各类人群可正常活动,空气质量令人满意，基本无空气污染,7,57,15,5,5,—,—
2023-12-06T04:00:00,白城市,市环保局,2236A,45.5725,122.8738,22,优,各类人群可正常活动,空气质量令人满意，基本无空气污染,5,49,22,4,4,—,—
